[
    {"title": "Molino Hermosillo", "divisionID": 1},
    {"title": "Molino Los Mochis", "divisionID": 1},
    {"title": "Molino Culiacán", "divisionID": 1},
    {"title": "Ford", "divisionID": 2},
    {"title": "Lincoln", "divisionID": 2},
    {"title": "Mazda", "divisionID": 2},
    {"title": "Autos GEMSO Professional", "divisionID": 2},
    {"title": "Changan", "divisionID": 2},
    {"title": "Seminuevos GEMSO", "divisionID": 2},
    {"title": "Financiera GEMSO", "divisionID": 3},
    {"title": "Desarrollos GEMSO", "divisionID": 4},
    {"title": "Padel Kino", "divisionID": 4},
    {"title": "Querétaro", "divisionID": 5},
    {"title": "Guanajuto", "divisionID": 5}
]